职位,公司,规模,薪资,城市,区域,经验,学历,领域,技能,福利
数字艺术多媒体方向实习,中数艺,20-99人,140-190元/天,北京,朝阳区,,硕士,广告/公关/会展,"动效设计,PhotoShop,视觉设计,设计师助理,多媒体策展,数字艺术,新媒体艺术","员工旅游,加班补助,年终奖"
互动新媒体数字艺术家,上海想来想趣数字科技,0-20人,10-15K,上海,松江区,经验不限,本科,互联网,"touchdesigner,unity3d,prcessing,互动多媒体,新媒体艺术,新媒体装置,C4D","绩效奖金,团建聚餐,五险一金,员工旅游,零食下午茶,保底工资,股票期权,节日福利,底薪加提成,年终奖,带薪年假,企业年金"
数字媒体艺术设计专业教师,泉州海洋职业学院,100-499人,5-7K,泉州,,经验不限,硕士,学校/学历教育,"全职,私立学校,线下教育,大班教学（25人以上）,不坐班",
中高级数字绘景艺术家,MOREVFX,20-99人,15-20K,成都,武侯区,3-5年,大专,广播/影视,"电影,Houdini,Maya,网大,电视剧,PhotoShop,MAYA","生日福利,带薪年假,年终奖,节日福利,法定节假日三薪,餐补,免费工装,团建聚餐,零食下午茶,五险一金,加班车补"
国际学校艺术教师,艺珈文化发展有限公司,20-99人,15-20K,广州,荔湾区,1-3年,硕士,培训/辅导机构,"小班教学（3-25人）,线下教育,全职,留学背景,艺术作品集,美术类,私立学校,艺术类专业背景,坐班,中学生,英美留学,Alevel艺术,特长兴趣类","通讯补贴,员工旅游,团建聚餐,五险一金,年终奖,定期体检,底薪加提成"
动画师动画制作【广西元宇宙艺术有限公司】,元宇宙艺术,0-20人,3-8K,南宁,良庆区,经验不限,学历不限,电子商务,"VR/AR动画,3D动画,2D动画,产品演示动画,游戏,宣传片,AE,PS,AI",
家装创业合伙人-门窗、微改、艺术涂料,长沙市俊轩装饰,100-499人,15-30K,长沙,,经验不限,学历不限,装修装饰,"封窗,微改,艺术涂料","通讯补贴,高温补贴,底薪加提成,零食下午茶,宿舍有空调,包住,员工旅游,保底工资,住房补贴,生日福利,团建聚餐,绩效奖金"
数字媒体,野生,20-99人,15-25K,上海,静安区,1-3年,本科,培训/辅导机构,"动效设计,MAYA,CAD,Premiere,AE,ZBrush,3DMax,Audition","零食下午茶,员工旅游,加班补助,五险一金,年终奖,带薪年假"
数字人设计师,蚂蚁云科技集团,100-499人,15-25K,杭州,滨江区,经验不限,大专,计算机软件,"3D动画,VR/AR动画,产品演示动画,宣传片,不接受居家办公,数字人","团建聚餐,节日福利,零食下午茶,带薪年假,有无线网,加班补助,五险一金,年终奖,全勤奖,员工旅游,餐补,股票期权,补充医疗保险,节假日加班费,保底工资,定期体检,生日福利"
Ai数字人制作,河南方直,0-20人,3-8K,南阳,卧龙区,1-3年,大专,大数据,"活动视频,MG/3D动画,合成",
数字媒体作品集导师,斯芬克,1000-9999人,15-20K,苏州,苏州工业园区,经验不限,硕士,培训/辅导机构,"视觉设计,数媒设计,可兼职","节日福利,定期体检,年终奖,租房优惠,员工旅游,五险一金,通讯补贴,团建聚餐,零食下午茶,生日福利,带薪年假,新东方员工内"
数字内容项目导演/项目经理,青岛万像,20-99人,10-15K,青岛,崂山区,5-10年,本科,计算机软件,"MG/3D动画,宣传片,短视频","年终奖,带薪年假,五险一金,定期体检,节日福利,零食下午茶,步步高红包"
数字媒体作品集导师,斯凯达悦教育,100-499人,8-13K,北京,朝阳区,1-3年,硕士,培训/辅导机构,"平面设计,数字媒体,视觉传达","定期体检,员工旅游,年终奖,带薪年假,五险一金,零食下午茶,交通补助,节日福利"
元宇宙数字文旅方案策划,宽创,500-999人,12-24K,上海,浦东新区,5-10年,本科,广告/公关/会展,"留学生优先,国内院校优先,英美留学生,欧洲留学生,小语种国家留学生,用户/功能产品,商业产品,内容产品,AI产品,其他行业,文化科技元宇宙人工智能产业规划,文博大数据数字文旅方案产品设计,数字孪生人工智能商业应用软件","年终奖,定期体检,餐补,带薪年假,五险一金,交通补助,免费班车,包吃,节日福利"
数字媒体设计 讲师,汉艺国际教育,100-499人,12-24K,北京,朝阳区,经验不限,硕士,培训/辅导机构,"Axure,交互体验设计,UI设计,代码","股票期权,补充医疗保险,五险一金,年终奖,带薪年假,员工旅游,节日福利"
项目管培生（数字人&元宇宙）,飞游科技,20-99人,8-10K·13薪,北京,海淀区,经验不限,本科,音乐/视频/阅读,"计算机相关专业,数字媒体艺术,软件/信息技术项目","五险一金,年终奖,零食下午茶,提供住宿"
艺术老师,江苏海拓文化传媒...,0-20人,3-4K,泰州,姜堰区,1-3年,大专,文化艺术/娱乐,"销售经验,小班教学（3～25人）,教学,美术类,兴趣教育类,艺术类专业背景,坐班,培训机构,线下教育,全职",
艺术设计,武汉博森形象企划...,20-99人,7-9K,武汉,东西湖区,3-5年,本科,广告/公关/会展,"室内设计,工业设计,设计主管,CAD,美工,CorelDRAW,3DMax,PhotoShop,公共艺术设计","节日福利,五险一金,定期体检,包吃,带薪年假,员工旅游,年终奖,住房补贴,通讯补贴,餐补"
艺术教育,新米格,20-99人,1-2K,太原,小店区,1年以内,本科,学术/科研,"兼职,线下教育,青少年","年终奖,全勤奖,工龄奖,员工旅游,带薪年假,保底工资,绩效奖金,节日福利,底薪加提成,工龄奖"
艺术教师,ACG国际艺术,500-999人,10-11K,北京,朝阳区,1年以内,本科,在线教育,"教师,美术,艺术,艺考","员工旅游,零食下午茶,五险一金,节日福利,带薪年假,绩效奖金"
艺术团助理,芳柏龄文化传媒,20-99人,5-9K,烟台,芝罘区,经验不限,学历不限,文化艺术/娱乐,经纪人助理,"有无线网,交通补助,绩效奖金,通讯补贴,全勤奖"
艺术顾问,中艺堂,100-499人,8-13K,北京,大兴区,1-3年,大专,文化艺术/娱乐,"客服经验,售后服务,客户签约,客户邀约,金融产品,大客户销售,电商销售,全职","绩效奖金,保底工资,底薪加提成,全勤奖,五险一金"
沙画艺术老师,海艺艺术教育培训...,0-20人,3-8K,海口,美兰区,1-3年,本科,培训/辅导机构,"教师,教研,沙画",
少儿艺术教师,翔添,20-99人,2-3K,重庆,巴南区,1-3年,大专,培训/辅导机构,"线下教育,不坐班,早幼教,兼职",补充医疗保险
语言艺术老师,七色豆,20-99人,4-5K,重庆,渝中区,经验不限,大专,培训/辅导机构,"教师,教研,助教,主持培训,教育培训,集体授课,一对一授课,普通话水平证书","交通补助,全勤奖,绩效奖金,免费工装,餐补,底薪加提成,带薪年假,保底工资,年终奖,五险一金,生日福利,节日福利,工龄奖"
艺术品经纪人,北京金祺盛拍卖,20-99人,7-12K,无锡,梁溪区,经验不限,学历不限,租赁/拍卖/典当/担保,"无经验要求,电话销售经验","底薪加提成,保底工资,生日福利,绩效奖金,五险一金,节日福利,全勤奖,年终奖,带薪年假,员工旅游"
艺术指导师,姿仪,20-99人,4-9K,张家界,永定区,经验不限,本科,培训/辅导机构,"美术,绘画,教师,学前教育,早教幼教,艺术,手工,陶艺","五险一金,餐补,全勤奖,加班补助,节日福利,通讯补贴"
艺术教育顾问,泰安保利剧院,20-99人,3-4K·13薪,泰安,泰山区,1年以内,大专,文化艺术/娱乐,"培训机构,线下教育,学前儿童/小学生,大型教育机构经验,熟练使用办公软件,普通话发音标准,销售经验","年终奖,节日福利,定期体检,带薪年假,五险一金,包吃"
昕芽艺术中心,惠州市昕芽文化传媒,0-20人,5-6K,惠州,,经验不限,学历不限,培训/辅导机构,"全职,培训机构,线上教育",
艺术校区主管,小花朵朵,100-499人,4-8K,桂林,象山区,1-3年,大专,培训/辅导机构,教研,"带薪年假,五险一金,全勤奖"
艺术助理,迈志商策,0-20人,4-5K,佛山,顺德区,经验不限,大专,其他专业服务,"经纪人助理,普通助理",
艺术主管,卡莱特教育,20-99人,4-8K,汉中,洋县,1-3年,大专,培训/辅导机构,"教师资格证,普通话水平证书,K12教育","通讯补贴,节日福利,年终奖,加班补助,五险一金,全勤奖,包住,带薪年假,员工旅游,包吃"
音伦艺术琴行,音伦艺术琴行,0-20人,5-6K,武汉,江岸区,经验不限,本科,培训/辅导机构,"教师,一对一授课,兼职,全职兼职均可",
艺术老师,木也文化艺术,0-20人,4-6K,鄂尔多斯,,在校/应届,大专,文化艺术/娱乐,"视觉设计,手绘,小学教育,学前教育,教师,助教,全职,艺术",
艺术老师,星悦,0-20人,5-6K,通化,东昌区,1-3年,学历不限,培训/辅导机构,"排舞经验,全职兼职均可,街舞,国标舞,线下教育,不坐班,舞蹈考级证书,早幼教,中国舞",
艺术设计,广德绘声文化传媒,0-20人,6-7K,宣城,广德市,经验不限,本科,其他生活服务,"公共艺术设计,视觉设计,全职/兼职",
艺术老师,豆芽糖艺术学校,0-20人,5-6K,衡水,安平县,1-3年,本科,培训/辅导机构,"平面模特,全职兼职均可,模特,T台模特,不支持远程办公,少儿模特","工龄奖,底薪加提成,加班补助,全勤奖,保底工资,绩效奖金"
艺术培训,优图教育,0-20人,3-4K,白城,洮北区,经验不限,本科,在线教育,"美术,音乐,绘画,艺术,教师",
艺术老师,北流市馨源尚非遗...,0-20人,4-8K,玉林,,1-3年,中专/中技,文化艺术/娱乐,"全职,线上教育,教研,课程研发,课程销售,大学生/大专生,水彩/水粉画,国画,艺术类专业背景",
艺术顾问,九色文化科技有限公司,100-499人,3-6K,长沙,芙蓉区,经验不限,大专,文化艺术/娱乐,"电话销售经验,网络营销经验,面销/陌拜经验,个人（To C）,互联网金融,医疗/大健康,房地产,会展销售,门店/柜台销售,面销/陌拜","节日福利,零食下午茶,周末双休,生日福利,年终奖,意外险,带薪年假,员工旅游,工龄奖,底薪加提成,全勤奖,五险一金,高温补贴,团建聚餐,保底工资"
艺术老师,小星鹿艺术培训学校,100-499人,5-6K,济南,历下区,经验不限,大专,培训/辅导机构,台词,
艺术装置,郑州市管城回族区...,0-20人,5-10K,郑州,管城回族区,经验不限,大专,批发/零售,"橱窗设计,节日/主题设计,陈列规划,执行陈列师,陈列项目管理,PS,AI,接受居家办公",
艺术老师,梓嘉教育咨询服务,0-20人,5-6K,宜宾,翠屏区,1年以内,大专,在线教育,"美术,绘画,教师,幼师,教师资格证","包吃,带薪年假,加班补助,年终奖,全勤奖,员工旅游,五险一金,交通补助,通讯补贴"
艺术编辑,中青教育,0-20人,7-12K,深圳,罗湖区,1-3年,本科,培训/辅导机构,文字编辑,
艺术老师,安吉递铺王欣音乐...,0-20人,10-11K,湖州,安吉县,经验不限,高中,培训/辅导机构,"全职,培训机构,线下教育,坐班,不坐班,一对一教学,小班教学（3-25人）,学前儿童/小学生,特长兴趣类,乐器类,口才/播音主持类,美术类,艺术类专业背景,大型教育机构经验,教育学专业背景,销售经验",
艺术线条业务顾问,沃阔装饰材料,20-99人,3-6K,郑州,管城回族区,经验不限,大专,房屋建筑工程,"装饰品,AutoCAD,SketchUp,良好的方案沟通能力","员工旅游,节日福利,保底工资,底薪加提成,全勤奖"
汉语语言艺术教师,望牛墩维一培训,0-20人,5-9K,东莞,望牛墩镇,1-3年,本科,培训/辅导机构,"全职,培训机构,线下教育,教师,小班教学（3-25人）,普通话水平测试等级考试,二级乙等",
环境艺术设计师,嘉誉电子电器,20-99人,5-8K,中山,,经验不限,本科,机械设备/机电/重工,短期出差,"住房补贴,零食下午茶,通讯补贴,补充医疗保险,加班补助,包吃,全勤奖,节日福利,员工旅游,五险一金"
艺术服务顾问,辰影星光,20-99人,15-30K,北京,朝阳区,3-5年,大专,广播/影视,企业（To B）,"带薪年假,零食下午茶,全勤奖,五险一金,年终奖"
艺术漆施工,库尔勒金芙蓉窗帘店,0-20人,5-7K,巴音郭楞蒙古自治州,库尔勒市,经验不限,高中,装修装饰,月休四天,
艺术馆讲解员,张掖市三缘博物馆,0-20人,2-3K,张掖,甘州区,经验不限,本科,旅游/景区,"景区,旅游相关专业,普通话标准",
艺术涂料师傅,湛江市霞山区罗图...,0-20人,5-6K,湛江,霞山区,1-3年,高中,装修装饰,"总包施工员,内装,驾驶证",
艺术品导购,福州市长乐区漳港...,0-20人,5-10K,福州,长乐区,经验不限,学历不限,其他行业,"五险一金,,珠宝/手表/首饰,不需要晚班/夜班,线下,线上,不需要长时间站立,月结,需要导购经验,不需要倒班,全职","免费工装,五险一金,年终奖,法定节假日三薪,工龄奖,餐补,全勤奖,节假日加班费,保底工资,包住,住房补贴,绩效奖金,宿舍有空调,底薪加提成,加班补助,有无线网"
艺术漆师傅,东之升装饰,0-20人,10-11K,惠州,惠阳区,3-5年,学历不限,建筑材料,一级建造师,
民族艺术助手,云领科技,0-20人,4-5K,鄂尔多斯,,经验不限,大专,其他专业服务,"民族艺术,民族服装","年终奖,全勤奖,五险一金,交通补助,带薪年假,餐补,通讯补贴,员工旅游,定期体检"
艺术环创师,万脉,0-20人,5-10K,南京,建邺区,1-3年,本科,玩具/礼品,"公共艺术设计,美术,雕塑,绘画","零食下午茶,餐补,节日福利,定期体检,住房补贴,员工旅游,五险一金"
艺术类教师,神墨教育,500-999人,3-6K,绥化,海伦市,1-3年,学历不限,培训/辅导机构,"幼师,就业老师,小学教育,学前教育,初中教育,集体授课,线下授课,艺术","五险一金,底薪加提成,团建聚餐,绩效奖金,节日福利"
艺术体操老师,勤脉诚教育,100-499人,4-9K,重庆,潼南区,1-3年,本科,学前教育,"私立学校,线下教育,教师,学前儿童/小学生,体操,健美操,全职","节日福利,全勤奖,员工旅游,包吃,年终奖,周末双休,五险"
艺术大赛推广,河北中政文企,20-99人,8-10K,石家庄,长安区,3-5年,大专,文化艺术/娱乐,"销售岗,客户开发","交通补助,带薪年假,员工旅游,五险一金,绩效奖金,加班补助,工龄奖,生日福利,团建聚餐,保底工资,有无线网,底薪加提成"
艺术类教师,青梦,0-20人,20-25元/时,文山壮族苗族自治州,文山市,1-3年,大专,培训/辅导机构,"教师资格证,培训师,双语教师,小学教育,全职兼职均可,教师资格证(小学),普通话水平证书,艺术",
艺术家助理,金胜文化,20-99人,4-5K,绍兴,,1-3年,本科,广告/公关/会展,普通助理,"加班补助,餐补,绩效奖金,全勤奖,生日福利,包吃,年终奖"
艺术类老师,互艺联盟,20-99人,10-15K,乌鲁木齐,天山区,经验不限,学历不限,培训/辅导机构,"学前教育,小学教育,初中教育,培训师,幼儿园园长,就业老师,全职兼职均可,艺术","年终奖,免费工装,带薪年假,员工旅游,保底工资,补充医疗保险,节日福利,底薪加提成,工龄奖,绩效奖金,团建聚餐,生日福利,住房补贴"
艺术馆馆长,辽宁唐艺,20-99人,10-11K,鞍山,岫岩满族自治县,10年以上,本科,文化艺术/娱乐,"分公司负责人,团队管理,线下推广,线上推广,旅游",
艺术培训机构校长,夏一美术培训,20-99人,8-12K,金华,金东区,3-5年,大专,培训/辅导机构,"培训机构,学前儿童/小学生,中学生,校区运营经验,团队管理经验,营销/管理类背景,销售经验","带薪年假,全勤奖,住房补贴,年终奖,员工旅游,节日福利,定期体检,提供住宿,五险一金,餐补,股票期权,交通补助,通讯补贴,加班补助"
艺术博主经纪人兼助理,开运创意,0-20人,5-6K,深圳,南山区,1-3年,大专,广播/影视,"经纪人助理,艺术助理,博主助理","五险一金,股票期权"
艺术作品集导师,沐岛教育科技,100-499人,15-25K,上海,长宁区,1-3年,硕士,培训/辅导机构,"全职,兼职,培训机构,线下教育,线上教育,文案撰写,活动策划,不坐班,教师,教研,课程研发,一对一教学,留学生,艺术留学,大型教育机构经验,留学背景,艺术类专业背景,销售经验","长假,团建聚餐,五险一金,股票期权,保底工资,年终奖,全勤奖,有无线网,底薪加提成,生日福利,绩效奖金,零食下午茶,带薪年假,节日福利"
艺术培训机构校长,白天鹅文化艺体中心,20-99人,6-11K·13薪,六安,金安区,3-5年,大专,培训/辅导机构,"销售经验,教师资格证,校区运营,团队管理经验,营销/管理类背景,有经验舞蹈老师加管理,机构运营经验2年以上,培训机构,校区运营经验,学前儿童/小学生,口才老师有管理经验","五险一金,定期体检"
星启点艺术学校,星启点艺术学校,100-499人,3-4K,永州,冷水滩区,1-3年,大专,培训/辅导机构,"全职,兼职,培训机构,线下教育,教师,小班教学（3-25人）,成人,学前儿童/小学生,中学生,儿童画,动漫,素描,教育学专业背景,艺术类专业背景,课程/课件研发能力,销售经验,教师资格证","带薪年假,交通补助,全勤奖,年终奖,节日福利"
艺术招生驻校校长,河南艺志坚教育,0-20人,4-9K,三门峡,义马市,1-3年,大专,培训/辅导机构,"培训机构,私立学校,中学生,团队管理经验,校区运营经验,营销/管理类背景,销售经验",
资深角色艺术家,预言软件,100-499人,8-13K·13薪,武汉,洪山区,3-5年,大专,计算机软件,"次世代高模,ZBrush","年终奖,员工旅游,绩效奖金,五险一金,加班补助,节日福利,夜班补助,生日福利,带薪年假,底薪加提成,工龄奖,交通补助,节假日加班费,餐补,团建聚餐,零食下午茶,全勤奖"
艺术团副团长,济源市沁园男阿姨...,0-20人,5-8K,济源,,3-5年,高中,文化艺术/娱乐,"短视频,综艺,话剧","加班补助,底薪加提成,绩效奖金"
艺术家合伙人,上海令姜文化传播,0-20人,20-21K,上海,宝山区,经验不限,本科,文化艺术/娱乐,艺术行业,
语言艺术老师,课外喵教育科技（...,500-999人,150-230元/天,珠海,香洲区,经验不限,本科,互联网,"线下教育,不坐班,青少年,兼职,教师资格证","带薪年假,五险一金,全勤奖"
少儿艺术类教师,天津市橡木咨询中心,20-99人,3-6K,天津,滨海新区,1-3年,本科,培训/辅导机构,"教师,幼师,教师资格证,幼师资格证,艺术,美术","五险一金,节日福利,年终奖,带薪年假,能量零食"
艺术类行政岗,天地黄河,0-20人,3-4K,太原,迎泽区,经验不限,大专,培训/辅导机构,教育培训,职业技能培训
艺术教学管理主管,彩飞美术教育,100-499人,6-11K,邯郸,丛台区,3-5年,本科,培训/辅导机构,"私立学校,培训机构,线下教育,中学生,大学/大专生,熟练使用办公软件,教育工作经验,大型教育机构经验,销售经验",
艺术照明设计师,热潮美学,0-20人,6-10K,杭州,滨江区,1-3年,大专,广告/公关/会展,"楼体亮化,灯光亮化,灯光美陈展,灯饰画,商场景观,插画设计,平面设计","零食下午茶,年终奖,通讯补贴,餐补,员工旅游,五险一金,定期团建,股票期权,节日福利,带薪年假,交通补助"
孩童艺术管理师,梵曦教育,0-20人,5-10K,呼和浩特,赛罕区,1-3年,大专,在线教育,"教师资格证,销售经验,熟练使用办公软件,私立学校,教育专业背景,坐班,小班教学（3-25人）,培训机构,授课,线下教育,学前儿童/小学生,排课系统经验","带薪培训,零食下午茶,带薪年假,年终奖,节日福利,五险,加班补助"
艺术学校前台,艺扬艺术培训学校,0-20人,5-6K,银川,金凤区,1-3年,大专,培训/辅导机构,"培训机构,学前儿童/小学生,大型教育机构经验,教育学相关专业,熟练使用办公软件","加班补助,员工旅游,带薪年假,通讯补贴,节日福利,全勤奖,补充医疗保险,餐补,年终奖"
语言艺术老师,启尔智文化中心,0-20人,4-9K,赣州,石城县,经验不限,本科,其他行业,英语,
艺术机构校长,加百艺教育,20-99人,8-12K,长春,朝阳区,3-5年,本科,培训/辅导机构,"培训机构,学前儿童/小学生,团队管理经验,校区运营经验,大型教育机构经验,销售经验,声乐,音乐,乐器","工龄奖,夜班补助,全勤奖,年终奖,通讯补贴,节假日加班费,意外险,定期体检,加班补助,五险一金,保底工资"
南京市建邺区大吴...招聘油漆工,南京市建邺区大吴...,0-20人,5-10K,南京,建邺区,经验不限,学历不限,装修装饰,"初级油漆工资格证,油漆工学徒,无学徒经验,月结,包住,小白 无需工作经验","全勤奖,意外险,住房补贴,生日福利,有无线网,员工旅游,加班补助,宿舍有空调,免费工装,绩效奖金,包住"
艺术设计老师,南昌天行创世纪,100-499人,5-7K,南昌,新建区,经验不限,本科,学校/学历教育,"全职,私立学校,线下教育,小班教学（3-25人）,中学生",
环境艺术设计,鹰高公司,0-20人,8-13K,中山,,3-5年,本科,文化艺术/娱乐,"不接受居家办公,医疗机构,3D设计",
高阶艺术老师,毓德教育咨询,20-99人,5-6K,沧州,运河区,1-3年,本科,学前教育,"学前教育,幼师,绘画,艺术,美术,早教,手工","五险一金,年终奖,带薪年假,节日福利"
艺术教育专员,珠海金湾中演联港...,20-99人,5-6K,珠海,金湾区,1-3年,本科,文化艺术/娱乐,"熟练使用办公软件,教育工作经验,线下教育","免费停车,定期培训,节日福利,定期体检,五险一金"
江西赛倍科技有限公司招聘油漆工,江西赛倍科技有限公司,20-99人,9-12K,南昌,西湖区,3-5年,学历不限,工程施工,"月结,包住","通讯补贴,节日福利,年终奖,交通补助,五险一金"
星艺招聘门店店长,星艺,20-99人,5-10K,玉林,玉州区,3-5年,大专,装修装饰,"管理经验,销售经验",
元乾招聘油漆工,元乾,0-20人,8-11K,广州,,经验不限,学历不限,装修装饰,"无学徒经验,月结,包吃","员工旅游,五险一金,全勤奖,年终奖,定期体检"
艺术培训校长,鼓琴世家,0-20人,5-10K,郴州,北湖区,3-5年,本科,培训/辅导机构,"销售经验,营销/管理类背景,团队管理经验,校长任职资格培训合格证书,校长,大型教育机构经验,培训机构,学前儿童/小学生","全勤奖,加班补助,交通补助,通讯补贴"
自由陶艺艺术家,三森园林,0-20人,2-3K,沈阳,铁西区,经验不限,学历不限,建筑设计,"设计助理,接受居家办公",
语言艺术老师,蓓星教育,0-20人,5-8K,广州,花都区,1-3年,中专/中技,学前教育,"线下教育,不坐班,青少年,编排成品剧目,表演教学经验,艺术相关工作经历,普通话一级乙等资格证,普通话一级甲等资格证,全职兼职均可,幼教,幼儿园,幼师","五险一金,交通补助,加班补助,员工旅游"
艺术舞蹈指导,艺旅国际文化,20-99人,5-8K,玉林,玉州区,1年以内,中专/中技,文化艺术/娱乐,"民族舞,舞蹈,民族古典舞","年终奖,通讯补贴,五险一金,带薪年假,员工旅游,零食下午茶"
艺术培训校长,艾迪尔教育,100-499人,4-5K,洛阳,,1-3年,学历不限,学前教育,培训机构,"团建聚餐,有无线网,包吃,年终奖,宿舍有空调,住房补贴,包住,生日福利,带薪年假,员工旅游,加班补助,全勤奖,工龄奖,零食下午茶,节日福利"
艺术培训校长,曲阜夫子学堂教育科技,100-499人,8-13K,济宁,曲阜市,经验不限,学历不限,培训/辅导机构,"培训机构,团队管理经验,校区运营经验","年终奖,五险一金"
艺术策展人,山西长合文化艺术交流,0-20人,3-5K,太原,万柏林区,1-3年,本科,文化艺术/娱乐,艺术/文化展,"法定节假日三薪,节日福利,节假日加班费,保底工资,底薪加提成,加班补助,绩效奖金"
艺术中心校长,正广艺术培训有限公司,500-999人,5-9K,嘉兴,桐乡市,1-3年,大专,培训/辅导机构,"培训机构,校长任职资格培训合格证书",
艺术科研助理,武汉师院国际教育科技,0-20人,5-10K,武汉,武昌区,3-5年,硕士,培训/辅导机构,"学术型人才踏实稳重,艺术类专业",
艺术漆助理,自宅装,0-20人,3-5K,成都,双流区,经验不限,高中,装修装饰,交通补助,
艺术体操教练,钟玲艺术体操俱乐部,0-20人,10-11K,福州,鼓楼区,1-3年,本科,音乐/视频/阅读,"退役运动员,运动员等级证书,教师,小班教学（3-25人）,培训机构,线下教育,全职,班主任,体操,体育,芭蕾舞,体育教育工作经验,健美操,不坐班,学前儿童/小学生","员工旅游,年终奖,零食下午茶,五险一金,节日福利,带薪年假"
艺术品经纪人,雷跃卓景集团,100-499人,6-10K,西安,雁塔区,经验不限,中专/中技,文化艺术/娱乐,"内容红人（非直播方向）,肢体残疾,艺术品,视力残疾,轻度/中度视力残疾,古玩字画瓷器,肢体残疾无限制","团建聚餐,五险一金,员工旅游,绩效奖金,全勤奖,底薪加提成,节日福利"
艺术学校校长,长春市博丞伍拾柒...,0-20人,4-6K,长春,宽城区,3-5年,大专,培训/辅导机构,"校区运营,学前教育",
合伙人（艺术专业）,查查艺术教育,100-499人,20-30K,岳阳,岳阳楼区,经验不限,学历不限,培训/辅导机构,公司管理,"交通补助,带薪年假,加班补助,年终奖,包吃,零食下午茶,五险一金,通讯补贴,全勤奖,员工旅游,节日福利,餐补"
艺术留学顾问,新航道国际教育集团,1000-9999人,8-13K,青岛,市南区,经验不限,本科,培训/辅导机构,全职工作,"定期体检,保底工资,生日福利,加班补助,五险一金,员工旅游,高温补贴,绩效奖金,工龄奖,底薪加提成,带薪年假,年终奖,零食下午茶,团建聚餐,节日福利"
涂作招聘油漆工,涂作,0-20人,6-8K,西安,雁塔区,1年以内,大专,建筑材料,弹性工作制,"团建聚餐,底薪加提成,有无线网,免费工装,审美培养,零食下午茶,保底工资"
环境艺术设计,郑州菜鸟广告设计,20-99人,8-13K,郑州,中原区,3-5年,本科,广告/公关/会展,"展厅,购物商场,3Ds MAX,SketchUp,独立完成效果图,不接受居家办公,党建,文化墙","节日福利,五险一金,底薪加提成,全勤奖,零食下午茶,带薪年假,交通补助,绩效奖金"
语言艺术老师,小雨滴教育,0-20人,4-5K,广州,白云区,3-5年,本科,学术/科研,"教师,主持培训,教育培训,少儿小主持",五险一金
语言艺术老师,六弦之家,100-499人,3-8K,德州,庆云县,经验不限,大专,培训/辅导机构,"销售经验,大型教育机构经验,播音主持,艺术类专业背景,艺术,坐班,语言类,小班教学（3-25人）,培训机构,线下教育,普通话发音标准,全职",
酒店|艺术设计师,永续设计,0-20人,7-10K,北京,朝阳区,3-5年,本科,工程施工,"CAD,3DMax,Sketchup,PhotoShop,酒店空间",
美术艺术老师,湖州梦响教育咨询,0-20人,5-10K,湖州,吴兴区,1-3年,本科,培训/辅导机构,"手绘,教师,艺术,陶艺教学经验,小班教学（3-25人）,培训机构,线下教育,线下授课,全职,美术,雕塑/陶艺,视觉设计,教育学专业背景,艺术类专业背景,儿童画,坐班,水彩/水粉画,学前儿童/小学生",
艺术培训校长,博睿文化传播有限公司,20-99人,6-8K,太原,小店区,3-5年,本科,培训/辅导机构,"培训机构,中学生,学前儿童/小学生,团队管理经验,大型教育机构经验,营销/管理类背景,销售经验","五险一金,补充医疗保险,定期体检"
语言艺术老师,中青爱嘉教育,0-20人,6-7K,佛山,禅城区,1-3年,大专,学术/科研,"表演教学经验,艺术相关工作经历,表演/播音主持相关专业背景,早幼教,艺考,青少年",
画师（艺术总监）,齐天恒创数据科技,20-99人,5-6K,太原,小店区,经验不限,本科,咨询,"手绘基础好,美术设计专业","带薪年假,生日福利,节日福利,年终奖,工龄奖,五险一金,保底工资,绩效奖金,全勤奖"
艺术培训校长,音偲蓓艺术培训,100-499人,15-25K,杭州,滨江区,3-5年,大专,学前教育,"招生,渠道,续费","五险一金,员工旅游,带薪年假,年终奖,节日福利,餐补"
艺术设计类,咚咚咚文化创意设计,20-99人,1-6K,西安,未央区,经验不限,本科,文化艺术/娱乐,"设计师,美术指导,设计师助理,艺术，绘画，设计,兼职,全职",
艺术培训前台,艺桐韵琴行有限公司,0-20人,2-3K,六盘水,钟山区,1-3年,学历不限,培训/辅导机构,,"加班补助,全勤奖,保底工资,底薪加提成,有无线网,餐补"
艺术机构前台,鄂州市葛店经济技...,0-20人,3-5K,鄂州,华容区,3-5年,大专,培训/辅导机构,"培训机构,线下教育,学前儿童/小学生,大型教育机构经验,排课系统经验,普通话发音标准,销售经验,富有亲和力",
艺术总监助理,兮其设计,0-20人,7-10K·13薪,杭州,余杭区,3-5年,大专,广告/公关/会展,"咨询,广告/传媒,电商,商务谈判,文件起草,人事行政,国企,民企/私企,驾驶证C1,英语可作为工作语言,有点想法,有点洁癖,有点气质","团建聚餐,零食下午茶,员工旅游,年终奖,包吃,加班补助,餐补,五险一金,生日福利,底薪加提成,节日福利"
视觉艺术兼行政,皇礼文化发展,0-20人,3-4K,昆明,五华区,经验不限,大专,培训/辅导机构,"VI设计,广告设计,海报传单设计,企业/自有品牌,CDR,PS,AI","带薪年假,员工旅游,零食下午茶,定期体检,五险一金,交通补助,餐补,全勤奖,年终奖,节日福利,教育进修奖励,加班补助"
艺术培训教师,天辅文化艺术培训,0-20人,2-5K,喀什地区,,经验不限,大专,培训/辅导机构,"全职,培训机构,线下教育,坐班,小班教学（3-25人）,学前儿童/小学生,特长兴趣类,乐器类,舞蹈类,美术类","包住,带薪年假,底薪加提成,保底工资,全勤奖"
艺术培训校长,唐山东方幼儿园,500-999人,5-8K,唐山,路北区,3-5年,大专,学前教育,"培训机构,中学生,学前儿童/小学生,教师资格证,团队管理经验,校区运营经验,营销/管理类背景,销售经验",
艺术体操教练,文武简爱,20-99人,2500-5000元/月,成都,武侯区,经验不限,本科,培训/辅导机构,"运动员等级证书,小学","节日福利,补充医疗保险,年终奖,五险一金,住房补贴,带薪年假,加班补助,股票期权,员工旅游,通讯补贴"
今日美术馆招聘店员/营业员,今日美术馆,20-99人,4-6K,北京,朝阳区,1-3年,大专,文化艺术/娱乐,"底薪加提成,餐补,五险一金,全职","定期体检,五险一金,全勤奖,带薪年假,节日福利,餐补,团建聚餐,生日福利,补充医疗保险"
艺术设计文创IP合伙人,尧尧领先,0-20人,8-10K,北京,朝阳区,经验不限,本科,文化艺术/娱乐,"插画师,平面设计,广告设计,3-5年经验,合伙人 ,弹性工作","五险一金,通讯补贴,交通补助,零食下午茶"
奢活艺术馆助理,万有科技文化,0-20人,3-5K,云浮,新兴县,1-3年,大专,文化艺术/娱乐,"线上活动,线下活动,不接受居家办公",
语言艺术教师（长期兼职）,观复美学,20-99人,1-6K,广州,白云区,经验不限,大专,培训/辅导机构,"教师,教研,主持培训,线下授课,普通话水平证书,教育培训","年终奖,晋升空间大,全勤奖,零食下午茶,带薪年假,发展空间大"
艺术展览项目实习生,浣纱艺术,0-20人,150-160元/天,北京,朝阳区,,大专,广告/公关/会展,艺术/文化展,"五险一金,定期体检,交通补助"
立邦艺术漆涂装专业导购,美美饰材,20-99人,4-8K,自贡,大安区,经验不限,中专/中技,批发/零售,"个人（To C）,不接受居家办公,面销/陌拜经验,无经验要求,网络营销经验,顾问式销售,门店/柜台销售,面销/陌拜,其他产品/服务,专业导购,网络销售,批发/零售,电话销售经验,电子商务","通讯补贴,带薪年假,节日福利,定期体检"
3D场景艺术家,凉屋游戏,100-499人,12-24K·13薪,深圳,福田区,1-3年,大专,游戏,"3ds MAX,MAYA","全勤奖,零食下午茶,定期体检,加班补助,意外险,节假日加班费,交通补助,带薪年假,绩效奖金,七险一金,活动经费,节日福利,补充医疗保险,员工旅游,五险一金,餐补"
艺术品销售顾问,南京威旺大贺艺术发展,20-99人,6-11K,南京,江宁区,1-3年,本科,文化艺术/娱乐,"个人（To C）,对企业/机构（To B）销售经验,面销/陌拜经验,其他行业,其他产品/服务,会展销售,门店/柜台销售","生日福利,节日福利,五险一金,年终奖,带薪年假,免费工装"
艺术培训学校店长,新未来广告公司,0-20人,6-10K,沧州,河间市,1-3年,学历不限,广告/公关/会展,包吃包住,
互动艺术装置设计,初拓科技,0-20人,8-12K,上海,浦东新区,经验不限,本科,仪器仪表/工业自动化,"嵌入式技术,流媒体技术,电路设计,硬件测试,智能硬件,物联网","年终奖,交通补助,股票期权,五险一金,节日福利,加班补助"
语言艺术老师（湘潭校区）,广东省智慧少年宫,500-999人,5-10K,湘潭,岳塘区,1-3年,大专,培训/辅导机构,口才老师、主持老师,"定期体检,全勤奖,五险一金,工龄奖,餐补,带薪年假,节日福利,员工旅游"
初中艺术与设计教师,厦门市华师希平双...,100-499人,10-15K·13薪,厦门,湖里区,3-5年,本科,学校/学历教育,"全职,私立学校,线下教育",
艺术管理 策展,马可颂教育科技,0-20人,5-8K,沈阳,和平区,经验不限,本科,培训/辅导机构,"一般企业,艺术/文化展,美术/设计相关学历","节日福利,绩效奖金,加班补助,底薪加提成,保底工资,五险一金,零食下午茶"
高端艺术品顾问,存真研究,0-20人,5-10K,重庆,渝北区,经验不限,高中,工艺品/收藏品,"个人（To C）,房地产销售经验,电话销售经验,网络营销经验,其他行业,其他产品/服务","全勤奖,团建聚餐,五险一金,带薪年假,节日福利,生日福利,有无线网,员工旅游,底薪加提成,保底工资,绩效奖金,年终奖"
艺术和书法教师,学之舟,100-499人,5-8K,德阳,什邡市,经验不限,学历不限,培训/辅导机构,教师资格证,"底薪加提成,保底工资,绩效奖金,定期体检,意外险,补充医疗保险"
环境艺术设计师,上德装饰,20-99人,10-11K,长治,潞州区,经验不限,大专,装修装饰,"Solidworks,3D设计,室内设计",
艺术空间场地销售,莫吉托活动策划,0-20人,12-20K,北京,朝阳区,1-3年,本科,婚庆/摄影,"个人（To C）,网络营销经验,面销/陌拜经验,酒店销售经验,其他行业,其他产品/服务,会展销售,门店/柜台销售","股票期权,年终奖,五险一金,员工旅游,带薪年假,零食下午茶"
兼职语言艺术老师,思艺教育,0-20人,3-5K,广州,天河区,3-5年,大专,培训/辅导机构,"销售经验,表演/播音主持相关专业背景,普通话一级乙等资格证,表演教学经验,普通话一级甲等资格证,兼职,不坐班,线下教育,早幼教",
活动执行（艺术团）,常州爱众文化,100-499人,4-6K,宿迁,,3-5年,大专,广告营销,"文案,团队沟通,群文团队招募","五险一金,节日福利,股票期权,带薪年假,员工旅游,零食下午茶,年终奖"
室内环境艺术设计,舜智设计,20-99人,10-15K,济南,历城区,经验不限,大专,装修装饰,"手绘,PhotoShop,CAD,主案设计师,住宅地产,装饰装修,家装设计师","员工旅游,带薪年假,定期体检,五险一金,节日福利"
艺术类老师招聘,灿耀教育咨询,0-20人,1-6K,宿州,泗县,1-3年,学历不限,培训/辅导机构,"舞蹈教练,跆拳道,美术","员工旅游,节日福利"
兼职语言艺术老师,倍佳溢洋,0-20人,2-3K,广州,天河区,经验不限,大专,培训/辅导机构,"线下教育,不坐班,早幼教,兼职",
公共艺术设计师,冠枫雕塑,20-99人,5-10K·14薪,武汉,黄陂区,1-3年,大专,工程施工,"景观软装,美陈,视觉艺术,景观雕塑,公共艺术设计,装置,雕塑,绘画","员工旅游,包吃,带薪年假,通讯补贴,年终奖,节日福利,免费班车"
角色模型艺术指导,betop,100-499人,25-50K,大连,甘井子区,10年以上,大专,文化艺术/娱乐,"不接受居家办公,薪资上不封顶,影片角色,次世代角色","五险一金,年终奖,定期体检,绩效奖金,底薪加提成,保底工资,带薪年假,工龄奖,加班补助,团建聚餐,节日福利"
UE材质艺术家/UE材质TA,北京启正文化,0-20人,30-40K,北京,朝阳区,3-5年,大专,广播/影视,UE4,"法定节假日三薪,五险一金,绩效奖金,带薪年假,定期体检,保底工资,餐补"
公共艺术设计师,佛山市禅城区艾禾...,0-20人,6-10K,佛山,禅城区,1-3年,本科,文化艺术/娱乐,"市政工程,主题公园,文化旅游景区,雕塑设计,方案设计,3ds Max,AI,Photoshop,有主创设计师经验,耐心的优先,线上兼职无需坐班",
专升本艺术设计教师,好老师教育,1000-9999人,5-10K,昆明,五华区,1-3年,本科,培训/辅导机构,"全职,培训机构,线下教育,坐班,大班教学（25人以上）,艺术类专业背景,大学/大专生,学科应试类,视觉传达专业","带薪福利假,生日福利,节日福利,团建聚餐"
管理校长、托管老师、艺术老师、特长老师,神木市行健国学艺...,1000-9999人,4-9K,榆林,神木市,经验不限,大专,培训/辅导机构,"学科应试类,小班教学（3-25人）,培训机构,线下教育,全职,教育学专业背景,大型教育机构经验,艺术类专业背景,坐班,兼职,不坐班,学前儿童/小学生,特长兴趣类",
福清*早教艺术老师,融育教育科技,20-99人,3-8K,福州,福清市,1-3年,大专,学前教育,"音乐,艺术,声乐,线下授课",
刘诗昆艺术培训学校古筝教师,新都刘诗昆艺术学校,20-99人,4-9K,成都,新都区,经验不限,本科,培训/辅导机构,"器乐,全职兼职均可,坐班,小班教学（3-25人）,培训机构,线上教育,全职",
艺术类高报规划师,陕西学雅轩教育科技,0-20人,8-12K,榆林,定边县,1-3年,本科,培训/辅导机构,"销售经验,大学/大专生,学科应试类,培训机构,线下教育,直播经验,线上教育,全职,大型教育机构经验,艺术类专业背景,坐班,互联网公司经验,中学生,留学生,一对一教学,普通话发音标准,视频、音频剪辑","加班补助,全勤奖,夜班补助,底薪加提成,绩效奖金"
艺术疗愈中心负责人（高端康养项目）,艺壤文化,20-99人,14-20K·14薪,武汉,武昌区,10年以上,本科,学术/科研,"医疗,教育","保底工资,交通补助,底薪加提成,五险一金,带薪年假,节日福利,生日福利,宿舍有空调"
杨梅红艺术教育——校长,厦门云墨即喜艺术培训,20-99人,15-30K,厦门,思明区,1-3年,大专,培训/辅导机构,"培训机构,学前儿童/小学生,团队管理经验,校区运营经验,大型教育机构经验,销售经验",
艺术工程项目经理,Vantaly,20-99人,10-13K,上海,徐汇区,3-5年,大专,装修装饰,"企业内部技术项目管理,管理相关专业,实施交付经验,团队管理经验","五险一金,年终奖,带薪年假"
酒店艺术品设计师,岳珈设计,20-99人,10-13K,上海,虹口区,1-3年,大专,建筑设计,"公共艺术设计,CAD,PhotoShop,Sketchup,设计师,商业地产",五险一金
环境艺术设计师,北京王牌建筑装饰...,20-99人,5-6K,邢台,襄都区,经验不限,学历不限,装修装饰,"设计师助理,设计师,CAD,酷家乐","团建聚餐,员工旅游"
美术，写字，艺术，老师,龙城区诚惠文化艺...,0-20人,5-6K,朝阳,龙城区,1-3年,本科,文化艺术/娱乐,"全职,兼职,培训机构,线下教育,坐班,不坐班,小班教学（3-25人）,中学生,学前儿童/小学生,特长兴趣类,口才/播音主持类,音乐剧类,美术类,艺术类专业背景,要求，认真负责",
艺术团舞蹈主播,星火天娱,100-499人,12-24K,成都,武侯区,经验不限,学历不限,社交网络与媒体,"线下办公,抖音,娱乐才艺,全职,韩舞,拉丁,现代舞","带薪年假,住房补贴,全勤奖,五险一金,加班补助"
音乐/艺术课老师,华音琴行,20-99人,3-6K,鄂州,鄂城区,经验不限,大专,培训/辅导机构,"全职,培训机构,线下教育,坐班",
艺术老师素描老师,蓝途教育咨询服务部,0-20人,4000-4500元/月,包头,昆都仑区,1-3年,本科,培训/辅导机构,"教师资格证,教师,美术,艺术,全职兼职均可","年终奖,节日福利,员工旅游,全勤奖"
艺术培训机构校长,星潮文化传媒有限公司,0-20人,10-11K,济宁,任城区,1-3年,学历不限,培训/辅导机构,"销售经验,校区运营,培训机构,校区运营经验,学前儿童/小学生,小学教育,学前教育","全勤奖,年终奖"
艺术涂料施工员,德邦漆业,0-20人,8-13K,沈阳,大东区,经验不限,学历不限,装修装饰,"五险,包吃,包住,餐补,交通补助,绩效奖金,全勤奖,工龄奖",
艺术培训机构校长,弘晋书院,0-20人,4-8K,宜春,袁州区,3-5年,本科,培训/辅导机构,"培训机构,中学生,学前儿童/小学生,成人/通用,教师资格证,校区运营经验,大型教育机构经验,营销/管理类背景,销售经验,市场眼光好,运营理念新","住房补贴,免费工装,底薪加提成,全勤奖,工龄奖,通讯补贴,绩效奖金"
艺术漆网络销售,宜绣无缝墙布,20-99人,6-7K,绍兴,,经验不限,学历不限,批发/零售,微信营销,"生日福利,有无线网,底薪加提成,保底工资,绩效奖金"
艺术机构前台老师,大冶市星海琴行,20-99人,2-6K,黄石,大冶市,经验不限,学历不限,培训/辅导机构,"教育机构前台,全职,教育培训,琴行,钢琴,乐器","全勤奖,股票期权,节日福利"
高薪诚聘艺术校区园长,思拓教育,20-99人,7-12K,合肥,长丰县,经验不限,大专,培训/辅导机构,"培训机构,学前儿童/小学生,团队管理经验,幼儿教育","节日福利,带薪年假,定期体检,通讯补贴,零食下午茶,股票期权,交通补助,五险,全勤奖,员工旅游"
墙面艺术工艺学徒,墙小艺,0-20人,4-8K,深圳,光明区,经验不限,学历不限,装修装饰,"加班费,八小时工作制,夜班补助,免费培训,免费工装,弹性工作制,漆工,全职","年终奖,生日福利,餐补,五险一金,底薪加提成,节日福利,绩效奖金,保底工资,意外险"
书法、美术等艺术老师,高青众益翰思学生托管,0-20人,5-6K,淄博,高青县,1-3年,大专,培训/辅导机构,"全职,兼职,培训机构,线下教育,不坐班,教师,教学管理,课程销售,一对一教学,小班教学（3-25人）,学前儿童/小学生,中学生,儿童画,素描,大型教育机构经验,讲义/教纲编写能力,学员考试通过率高",
6000底薪 艺术品销售,艺见钟情,20-99人,6-11K,成都,锦江区,1年以内,学历不限,工艺品/收藏品,"网络营销经验,客户关系维护","五险一金,全勤奖,带薪年假,员工旅游,节日福利,零食下午茶"
舞蹈艺术中心合伙人,甘肃普雷浩斯文化娱乐,0-20人,15-16K,天水,,3-5年,本科,文化艺术/娱乐,"股权投资或二级市场投资职位,成长型投资",
少儿艺术培训校长,东隅昂立,100-499人,8-10K,常州,天宁区,1-3年,大专,培训/辅导机构,"培训机构,学前儿童/小学生,校区运营经验,营销/管理类背景,销售经验","底薪加提成,包吃,子女报班优惠,员工旅游,年终奖,通讯补贴,工龄奖,餐补,团建聚餐,五险一金,定期体检,节日福利"
艺术涂料招商经理,拉斐尔,20-99人,5-10K·13薪,上海,浦东新区,1-3年,大专,化工,",代理商/经销商招募,可适应频繁出差,较强的商务谈判能力,渠道运营管理,企业服务,具有渠道运营管理经验",
少儿艺术培训校长,丰博课外教育培训,100-499人,8-13K,昌吉回族自治州,昌吉市,3-5年,本科,培训/辅导机构,"培训机构,学前儿童/小学生,教师资格证,团队管理经验,校区运营经验,大型教育机构经验,销售经验,独当一面,艺术类培训,运营经验","五险一金,年终奖,加班补助,全勤奖"
艺术培训学校校长,洪江市星空艺术培...,100-499人,3-8K,怀化,洪江市,经验不限,大专,培训/辅导机构,"教师资格证,校区运营,培训机构,学前儿童/小学生,小学教育","员工旅游,通讯补贴,年终奖,餐补,加班补助,节日福利,全勤奖"
艺术文化推广专员,成星文化,0-20人,5-10K,东莞,,1年以内,大专,培训/辅导机构,"活动策划,网络营销,市场推广",
艺术设计教研组组长,雷镀教育,20-99人,10-15K,南京,江宁区,3-5年,本科,培训/辅导机构,"公立学校,私立学校,培训机构,线下教育,大学/大专生,熟练使用办公软件,教育工作经验,大型教育机构经验","通讯补贴,定期体检,带薪年假,免费班车,五险一金,餐补,交通补助,节日福利"
钢琴艺术全科类老师,湖北四象文化传媒,0-20人,3-6K,荆州,沙市区,1年以内,大专,文化艺术/娱乐,"全职,培训机构,线下教育,坐班,一对一教学,小班教学（3-25人）,中学生,成人,学前儿童/小学生,器乐培训,艺考培训,考级课程,古筝,吉他,钢琴,中央音乐学院考级,英皇考级,中国音乐学院考级,音乐教学经验,教育学专业背景,音乐类专业背景,销售经验,乐器十级证书,教师资格证,普通话水平测试等级证书,二级甲等,小学,幼儿园,高中","交通补助,保底工资,通讯补贴,年终奖,员工旅游,生日福利,加班补助,底薪加提成,带薪年假,包住,绩效奖金"
艺术内容产品经理（AIGC）,阅读兽,0-20人,8-10K·13薪,北京,朝阳区,在校/应届,本科,社交网络与媒体,"内容生产运营,艺术,日语,英语","团建聚餐,设备补贴,节日福利,交通补助,定期体检,底薪加提成,带薪年假,绩效奖金,年终奖,保底工资,五险一金"
急聘高端艺术品顾问,郑州同心致远文化发展,20-99人,6-11K,郑州,中原区,1年以内,大专,工艺品/收藏品,"无经验要求,电话销售经验,网络营销经验,个人（To C）,电话销售,网络销售","补充医疗保险,交通补助,生日福利,绩效奖金,住房补贴,团建聚餐,带薪年假,通讯补贴,加班补助,工龄奖,保底工资,全勤奖,节假日加班费,零食下午茶,底薪加提成,法定节假日三薪,餐补,年终奖,节日福利,五险一金"
中级场景艺术家,武汉预言时代,100-499人,6-10K·13薪,武汉,洪山区,1-3年,大专,游戏,"仙侠风,写实,Q版","团建聚餐,全勤奖,节日福利,绩效奖金,年终奖,工龄奖,餐补,员工旅游,五险一金,零食下午茶,加班补助,定期体检,带薪年假"
各类艺术教师,颂雅艺术,0-20人,5-10K,镇江,京口区,经验不限,大专,培训/辅导机构,"音乐教育,幼教,钢琴教育",
嘉纳招聘油漆工,嘉纳,0-20人,7-11K,重庆,渝北区,3-5年,初中及以下,装修装饰,"包住,交通补助,年终奖,年底双薪","五险一金,交通补助,年终奖,员工旅游,带薪年假"
艺术指导师,巴洛克教育咨询,0-20人,3-6K,中山,小榄镇,经验不限,大专,培训/辅导机构,"美术教育,幼教,助教",
艺术漆导购,漳州豪玛贸易有限公司,0-20人,3-8K,漳州,龙文区,经验不限,学历不限,装修装饰,五险,
专升本艺术概论老师,新东方教育科技集团,10000人以上,6-10K,哈尔滨,南岗区,1-3年,本科,培训/辅导机构,"兼职,培训机构,线下教育","定期体检,节日福利,五险一金,团建聚餐,带薪年假,工龄奖,零食下午茶,全勤奖,生日福利,绩效奖金,员工旅游,底薪加提成,保底工资"
艺术全职老师,寰中音乐,20-99人,2-5K,郴州,北湖区,经验不限,学历不限,培训/辅导机构,"教师,艺术,音乐","包吃,全勤奖,年终奖"
招聘东莞艺术家教老师,旭日教育,0-20人,2-3K,东莞,南城街道,经验不限,大专,培训/辅导机构,"线下授课,一对一授课,艺术,音乐,国学,器乐,声乐,托福","带薪年假,保底工资,绩效奖金,年终奖,五险一金"
艺术涂料色彩设计师,世格设计,0-20人,3-6K,大连,中山区,经验不限,本科,装修装饰,"装修设计,色彩搭配,业务沟通",
艺术展运营执行专员,沈阳天思广告有限...,20-99人,3-6K,大连,中山区,1年以内,大专,广告/公关/会展,艺术/文化展,"股票期权,零食下午茶,节日福利,年终奖,员工旅游,撸猫,加班补助,全勤奖"
艺术场馆运营实习生,垄上艺术,100-499人,100-150元/天,上海,徐汇区,,大专,广告/公关/会展,"活动运营,留学生优先,国内院校优先","全勤奖,五险一金,节日福利,员工旅游,零食下午茶"
艺术团创业合伙人,天眼云端大数据,20-99人,20-21K,天津,南开区,1-3年,大专,大数据,"民非社团,公益协会,培训机构",
艺术涂料开发学徒,宏乔科技,20-99人,4-8K,江门,江海区,经验不限,学历不限,环保,"油性涂料,水性涂料","年终奖,团建聚餐,全勤奖,工龄奖,节日福利,意外险,生日福利,五险一金,绩效奖金,员工旅游,底薪加提成"
作品集艺术/音乐导师,洛素,500-999人,10-15K,杭州,西湖区,1-3年,本科,培训/辅导机构,"全职兼职均可,线下教育,坐班,不坐班","团建聚餐,带薪年假,全勤奖,绩效奖金,五险一金"
艺术留学咨询顾问,柠檬小语种,20-99人,8-12K,福州,鼓楼区,1-3年,本科,培训/辅导机构,"全职工作,获客招生,英国,日韩,美国","五险一金,交通补助,住房补贴,员工旅游"
艺术涂料施工员,福建白宇宣贸易,0-20人,4-9K,漳州,芗城区,1-3年,学历不限,建筑材料,"总包施工员,分包施工员,民用建筑,商用建筑,工业建筑,内装","绩效奖金,免费工装,底薪加提成,保底工资,交通补助,餐补"
艺术学校教务管理老师（开发区）,华粹文化艺术,20-99人,4-6K,廊坊,广阳区,经验不限,中专/中技,培训/辅导机构,"销售经验,班主任,中学生,培训机构,线下教育,助教,学前儿童/小学生,小学教育,初中教育,学前教育,线下授课,教育咨询师","加班补助,带薪年假,全勤奖,年终奖,员工旅游"
欧亚达嘉宝莉艺术涂料急招店长,襄阳市襄州区嘉艺...,0-20人,6-11K,襄阳,襄州区,3-5年,中专/中技,建筑材料,"家居建材,管理经验,销售经验,家居建材,涂料",意外险
日本艺术留学作品集老师,北服国际,0-20人,8-12K,北京,海淀区,1-3年,本科,学校/学历教育,"全职,公立学校,线下教育,坐班,一对一教学,小班教学（3-25人）,留学与语言培训类,职业与技能培训类,日语,创意/设计,留学背景,艺术类专业背景",
艺术微喷打印机打印操作员,小黄瓜,0-20人,3-4K,宣城,,1-3年,高中,回收/维修,"图文广告,广告设计/后期,PS,美术设计专业",
广告平面艺术视觉3D设计实习,九龙摄影广告图文,0-20人,60-80元/天,九江,浔阳区,,大专,广告/公关/会展,"CDR,提供实习证明,不接受居家办公,PS,广告/设计公司,海报传单设计,AI,广告设计,VI设计","工龄奖,宿舍有空调,带薪年假,五险一金,包吃,保底工资,加班补助,全勤奖,包住,绩效奖金,节日福利"
艺术总监 创意总监,艺位传诚,0-20人,15-25K·13薪,北京,朝阳区,5-10年,本科,音乐/视频/阅读,"交互体验设计,平面设计,手绘,3D设计,视觉传达,跨界,品牌传播,艺术史","餐补,五险一金,带薪年假,加班补助,通讯补贴,节日福利,年终奖,员工旅游,交通补助,定期体检"
播音与主持艺术教师,花呈教育,0-20人,7-12K,广州,,经验不限,本科,培训/辅导机构,"线下教育,坐班,艺考,编排成品剧目,表演教学经验,表演/播音主持相关专业背景,全职兼职均可",
艺术培训学校校长,桐心音乐,20-99人,8-13K,株洲,天元区,3-5年,大专,培训/辅导机构,"校长,教务行政,幼儿园园长,素质教育,校区运营,门店运营,学科带头人",五险一金
艺术培训机构校长,朵儿托管中心,20-99人,3-6K,武威,凉州区,3-5年,本科,培训/辅导机构,"培训机构,学前儿童/小学生,校长任职资格培训合格证书,教师资格证,团队管理经验,校区运营经验,营销/管理类背景","绩效奖金,保底工资,意外险,团建聚餐,加班补助,节日福利,底薪加提成,有无线网,生日福利,员工旅游,带薪年假,全勤奖"
艺术素质教育合伙人,兴化艺臻教育,20-99人,10-11K,泰州,兴化市,经验不限,学历不限,培训/辅导机构,公司管理,
艺术培训教学主管,书笃墨源,20-99人,8-13K,苏州,虎丘区,3-5年,大专,培训/辅导机构,教研,"五险一金,年终奖,节日福利,员工旅游,加班补助,定期体检,带薪年假,零食下午茶"
艺术作品集导师,北京优诺诚合艺术文化,20-99人,15-25K,北京,东城区,经验不限,硕士,培训/辅导机构,"留学生优先,视觉设计,艺术留学,数字媒体,游戏策划","绩效奖金,工龄奖,保底工资,全勤奖,有无线网,团建聚餐,底薪加提成,年终奖,五险一金,带薪年假,加班补助,员工旅游,零食下午茶,生日福利,节日福利"
少儿艺术课程顾问,智童行少儿艺术中心,20-99人,5-10K,合肥,瑶海区,1年以内,学历不限,培训/辅导机构,"全职工作,培训机构,线下教育,学前儿童/小学生,有大型教育机构经验,有销售经验,有教育工作经验,不接受居家办公","五险一金,免费工装,定期体检,员工旅游,零食下午茶,生日福利,团建聚餐,全勤奖,工龄奖,节日福利,带薪年假,有无线网"
生活品牌总监/艺术总监,远大芯数字,20-99人,12-22K,长沙,长沙县,5-10年,本科,互联网,"交互设计,视觉设计,原型设计,平面设计,动效设计,AI,AE,UE4","节日福利,五险一金,长期福利,宿舍有空调,免费班车,工龄奖,定期体检,带薪年假,团建聚餐,绩效奖金,企业年金,高龄慰问,包吃,交通补助,高温补贴,包住,低碳奖,员工旅游,通讯补贴"
高端艺术品销售顾问,天津万业商贸有限公司,20-99人,8-12K,天津,河西区,经验不限,学历不限,工艺品/收藏品,"电话销售经验,面销/陌拜经验","生日福利,节日福利,团建聚餐,全勤奖,底薪加提成,带薪年假,员工旅游,零食下午茶,年终奖,工龄奖,五险一金,保底工资,绩效奖金,企业年金"
艺术培训机构校长,昕艺程教育科技,100-499人,6-11K,厦门,思明区,1-3年,大专,在线教育,"团队管理经验,培训机构,招生,校区运营经验,学前儿童/小学生,成人/通用","节日福利,股票期权,生日福利"
艺术类机构--运营经理,宝威教育集团(山东),500-999人,6-8K,威海,环翠区,3-5年,大专,学校/学历教育,"销售运营,整体运营","绩效奖金,定期体检,年终奖,工龄奖,带薪年假,五险一金"
幼儿艺术特长，新媒体老师,桦艺幼儿园,20-99人,5-6K,绵阳,涪城区,经验不限,学历不限,学前教育,"兼职,全职,私立学校,线上教育,线下教育,活动策划,视频、音频课程的剪辑制作,视频拍摄与录制",
少儿艺术培训校长,巴东楚吟金话筒,0-20人,6-7K,恩施土家族苗族自治州,巴东县,经验不限,学历不限,培训/辅导机构,"培训机构,线下教育,学前儿童/小学生,中学生,成人/通用,熟练使用办公软件,教育工作经验,普通话发音标准","生日福利,绩效奖金,有无线网,工龄奖,节日福利,底薪加提成,年终奖"
艺术漆应有工程师,巴德士,1000-9999人,8-9K,中山,黄圃镇,1-3年,学历不限,生活服务（O2O）,"艺术漆,售前、售后技术支持,建筑涂料、装饰涂料","社保,员工旅游,年终奖,包住,包吃,全勤奖,免费班车,节日福利"
威罗建材招聘油漆工,威罗建材,0-20人,6-10K,无锡,惠山区,经验不限,学历不限,工程施工,"包住,加班费,宿舍有空调,全职",
兼职文章 艺术类。,上海锡龙文化传媒有限,0-20人,20-25元/时,上海,闵行区,1-3年,本科,广告/公关/会展,"兼职,按件计费,解说词文案,原创故事,中文专业",带薪年假
地铁口+艺术品顾问1w+,大有宝笈,20-99人,10-15K,郑州,中原区,经验不限,学历不限,文化艺术/娱乐,"客户关系维护,微信营销,短视频/直播营销,网络营销经验","餐补,工龄奖,带薪年假,团建聚餐,通讯补贴,员工旅游,全勤奖,年终奖,保底工资,法定节假日三薪,底薪加提成,生日福利,绩效奖金,节日福利"
游戏骨骼绑定艺术家 (MJ000411),原力数字科技,1000-9999人,5-10K,成都,武侯区,经验不限,大专,广播/影视,"maya,3D动作设计","五险一金,餐补,带薪年假"
蕃茄田艺术书法老师,蓝田教育,20-99人,4-5K,衡水,桃城区,经验不限,大专,培训/辅导机构,"学前教育,教务行政,教研,幼师,艺术,美术","全勤奖,五险一金,零食下午茶,通讯补贴,员工旅游"
青少儿语言艺术教师,中传北广,0-20人,4-8K,呼和浩特,赛罕区,经验不限,本科,学术/科研,"教师,主持培训,集体授课,一对一授课,线下授课,教育培训","零食下午茶,通讯补贴,交通补助,节日福利,年终奖,五险一金,员工旅游,全勤奖,定期体检,带薪年假,餐补"
合作 执行校长  艺术类校长,枣庄贝贝安欣教育...,0-20人,5-10K,枣庄,薛城区,1-3年,大专,培训/辅导机构,"培训机构,中学生,学前儿童/小学生,校长任职资格培训合格证书,教师资格证,校长提高培训合格证书,团队管理经验,校区运营经验,大型教育机构经验,销售经验,好的平台 真心期待您的加入",
兮溪语言艺术中心,兮溪语言艺术中心,0-20人,3-8K,重庆,,1年以内,学历不限,培训/辅导机构,"教师,线下授课,全职兼职均可",
助理品牌经理-艺术家联名,上海壳子特玩电子商务,20-99人,20-25K·13薪,上海,黄浦区,5-10年,本科,批发/零售,团队管理经验,
艺术培训学校招生老师,巴彦淖尔市临河区...,20-99人,5-6K,巴彦淖尔,,1-3年,高中,学校/学历教育,培训机构,"带薪年假,工龄奖,员工旅游,全勤奖,底薪加提成,五险一金,股票期权,有无线网,团建聚餐,绩效奖金"
艺术老师（跆拳道、美术老师）,晨馨培训学校,0-20人,5-8K,上海,嘉定区,1-3年,大专,培训/辅导机构,"早幼教,青少年,体育/师范类院校背景,专业队教练经验,课程/课件研发,销售经验,跆拳道黑带一段及以上",
校外艺术培训辅导员,星选传媒有限公司,20-99人,3-4K,周口,西华县,1-3年,学历不限,电子商务,"全职,培训机构,线下教育,坐班,中学生,学前儿童/小学生,器乐培训,音乐教学经验",
艺术盆挑瓷包装工,潮州市潮安区古巷...,20-99人,4-5K,潮州,,经验不限,学历不限,建筑材料,包装工,
晨阳水漆艺术漆,辰阳酒店管理,0-20人,4-5K,铜仁,碧江区,1-3年,学历不限,酒店/民宿,"全职,线下",全勤奖
高端艺术品销售,九承文化,20-99人,8-13K,宣城,宣州区,1年以内,大专,互联网,"个人（To C）,售前服务,客户签约,客户邀约,客服经验,电话销售经验,销售经验,互联网/科技,快消品","底薪加提成,保底工资,节日福利,股票期权,住房补贴,零食下午茶,员工旅游,带薪年假,绩效奖金,全勤奖,通讯补贴,生日福利,团建聚餐,年终奖,五险一金"
环境艺术设计师,景森环境科技,100-499人,2-3K,昆明,官渡区,1年以内,大专,建筑设计,景观设计,
产品管理专员(高端家居\艺术家居),浙江茶荟集团,1000-9999人,5-8K·13薪,杭州,上城区,1-3年,本科,其他行业,"家居产品管理,产品企划生命周期管理,产品专员 产品经理","带薪年假,底薪加提成,五险一金,保底工资,年终奖,绩效奖金"
乐菲装饰招聘油漆工,乐菲装饰,0-20人,3-4K,资阳,,经验不限,学历不限,装修装饰,"工龄奖,免费工装,免费培训,带薪培训",
仓库管理员（西岸艺术商店）,新魔力,0-20人,30-65元/时,上海,徐汇区,5-10年,大专,文化艺术/娱乐,"货物验收/入库,库存控制/盘点,熟练使用ERP系统,熟练使用WMS系统","团建聚餐,通讯补贴,节日福利,交通补助,带薪年假,餐补,年终奖"
艺术漆&软装全案合伙人,正瀚建材,0-20人,5-10K,泉州,洛江区,1-3年,高中,进出口贸易,"复式,别墅,普通住宅,熟悉装修材料,客情维护,良好的方案沟通能力,门窗,中央空调,大理石","员工旅游,年终奖,带薪年假,股票期权"
美术（艺术造型专业）、书法专业教师,弘福壹德教育科技公司,0-20人,5-10K·13薪,遂宁,船山区,3-5年,本科,文化艺术/娱乐,"全职,兼职,培训机构,线下教育,线上教育,互联网教育平台使用,数据分析,社群运营,坐班,教师,教学法研发与培训,教学管理,小班教学（3-25人）,成人,学前儿童/小学生,中学生,考级课程,艺考培训,大型教育机构经验,艺术类专业背景,课程/课件研发能力,销售经验,教师资格证,普通话水平测试等级证书,初中,小学,高中","绩效奖金,生日福利,底薪加提成,定期体检,有无线网,交通补助,员工旅游,保底工资,餐补,加班补助,带薪年假,五险一金,团建聚餐,节日福利,包住,工龄奖,通讯补贴,企业年金,年终奖,全勤奖"
艺术学校校区负责人,兆睿教育,20-99人,5-8K,烟台,,1-3年,大专,培训/辅导机构,"销售经验,大型教育机构经验,负责人,教育工作经验,培训机构,线下教育,学前儿童/小学生,普通话发音标准","节日福利,绩效奖金,保底工资,生日福利,加班补助,带薪年假,法定节假日三薪,年终奖,工龄奖,免费工装,全勤奖,员工旅游,团建聚餐,底薪加提成"
蕃茄田艺术课程顾问,中科罗兰教育,20-99人,4-9K,重庆,万州区,3-5年,大专,学前教育,"销售经验,全职工作,教育工作经验,普通话标准,培训机构,有销售经验,线下教育,有大型教育机构经验,有教育工作经验,学前儿童/小学生,小学教育",
Senior Principal/Curator（艺术策划）,UAP,20-99人,30-40K,上海,静安区,10年以上,本科,建筑设计,"公共艺术,画廊,艺术史,艺术文化管理,艺术策划,团队管理,海外留学","五险一金,定期体检,带薪年假,餐补"
艺术老师（音乐舞蹈或播音主持）,娄底市金海高级中学,1000-9999人,5-10K,娄底,娄星区,5-10年,硕士,学校/学历教育,"高中教育,坐班,全职,大型民办教育集团","年终奖,全勤奖,加班补助,五险一金"
公共艺术设计实习生,深圳市蜂巢环境艺...,20-99人,60-120元/天,深圳,福田区,,学历不限,工程施工,"3D动画,手绘动画,短视频,动漫,广告,3ds MAX,AI,MAYA,不接受居家办公,公共艺术雕塑装置游乐","五险一金,定期体检,全勤奖,年终奖,员工旅游"
艺术培训中心营运总监,惠州市惠城区文俪琴行,20-99人,13-18K,惠州,惠城区,1-3年,学历不限,培训/辅导机构,"运营管理,用户运营,校区运营,企业运营,整体运营,TO B,TO C","底薪加提成,绩效奖金,保底工资,五险一金,年终奖"
卫浴、艺术漆、销售导购,永洁卫浴,0-20人,4-8K,金华,,经验不限,学历不限,建筑材料,"电话销售,门店/柜台销售,个人（To C）,面销/陌拜,其他产品/服务,不接受居家办公,无经验要求,批发/零售",
学堡艺术类运营主管,学四堂,100-499人,6-8K,遵义,汇川区,1年以内,本科,培训/辅导机构,"课程销售运营,课程推广,产品运营","零食下午茶,绩效奖金,生日福利,免费工装,补充医疗保险,保底工资,带薪年假,节日福利,团建聚餐"
儿童摄影师-艺术家店,小鬼当佳,500-999人,8-12K,南京,建邺区,1-3年,学历不限,生活服务（O2O）,"摄影,儿童摄影,婚纱/写真摄影,棚拍,实景拍摄,外景拍摄","员工旅游,零食下午茶,定期体检,节日福利,五险一金,带薪年假"
哆画艺术全职美术教师,哆画美术,20-99人,6-11K,厦门,海沧区,经验不限,大专,培训/辅导机构,"教研,教师,小学教育,学前教育,教师资格证,全职,线下授课,美术","年终奖,节日福利,交通补助,加班补助,住房补贴,员工旅游,补充医疗保险,全勤奖"
艺术品证劵分析师,腾涛雅院,0-20人,15-23K,天津,河东区,5-10年,本科,其他专业服务,艺术品证券分析师,"有无线网,五险一金"
蕃茄田艺术招募美术老师,时壹教育,100-499人,6-8K,抚州,临川区,1-3年,大专,培训/辅导机构,"绘画教师,素描教师,儿童画教师,艺术,美术,全职,兼职","保底工资,股票期权,绩效奖金,团建聚餐,生日福利,员工旅游,工龄奖,节日福利,交通补助,定期体检,底薪加提成,年终奖,有无线网,五险一金,零食下午茶,带薪年假,通讯补贴"
艺术设计类图书文字编辑,华文智赢,20-99人,4-6K,天津,,1-3年,本科,新闻/出版,"文字编辑,图书编辑","五险一金,全勤奖,节日福利"
中国艺术品部高级经理,鼎天国际,20-99人,4-8K,天津,,经验不限,硕士,文化艺术/娱乐,"商务渠道,市场开发,艺术品","员工旅游,包吃,带薪年假,五险一金,补充医疗保险"
少儿艺术课程顾问,松鼠妈咪艺术培训,100-499人,5-6K,扬州,广陵区,1-3年,大专,培训/辅导机构,"五险一金,餐补,交通补助,话补,年终奖,全勤奖",
艺术培训学校前台,艾柯特语言戏剧表演,0-20人,2-3K,白城,洮北区,经验不限,大专,培训/辅导机构,"考勤管理,普通话标准,熟悉办公软件操作,亲和力强",
艺术涂料油漆工,凯琳瑟新材料有限公司,20-99人,6-11K,佛山,顺德区,1-3年,初中及以下,建筑材料,水性涂料,"住房补贴,全勤奖,五险一金,节日福利,年终奖,零食下午茶"
广东格式装饰文化...招聘油漆工,广东格式装饰文化...,100-499人,3-8K,佛山,顺德区,经验不限,学历不限,建筑材料,"油漆工学徒,有学徒经验,月结,不包吃住","员工旅游,带薪年假,五险一金"
城郊大津装饰材料...招聘油漆工,城郊大津装饰材料...,0-20人,3-8K,广州,从化区,经验不限,学历不限,装修装饰,"绩效奖金,全勤奖",
少儿艺术培训校长,郴州市苏仙区点睛...,0-20人,6-11K,郴州,苏仙区,1-3年,大专,培训/辅导机构,"培训机构,学前儿童/小学生,教师资格证,团队管理经验,校区运营经验,销售经验",
艺术培训机构前台,安阳市涵美文化传媒,0-20人,2-3K,安阳,文峰区,1-3年,大专,培训/辅导机构,"接待/外联,普通话标准,熟悉办公软件操作,亲和力强",
招引文化传播招聘西餐厨师,招引文化传播,0-20人,4-8K,深圳,南山区,5-10年,学历不限,餐饮,"熟悉各类菜系,5年以上,包住,自主研发新菜,3-5年,主厨,八小时工作制,51-150平米,包吃,151-300平米,季节菜单设计,月休四天,五险","员工旅游,加班补助,五险一金,带薪年假,包吃"
艺术培训机构校长,麦咭文化艺术,20-99人,10-15K,太原,小店区,3-5年,大专,培训/辅导机构,校区运营,
艺术类培训课程顾问,沐彤,20-99人,3-4K,邯郸,丛台区,1-3年,学历不限,培训/辅导机构,"有销售背景,教育工作经验,培训机构,线下教育,学前儿童/小学生,全职","生日福利,加班补助,保底工资,夜班补助,团建聚餐,绩效奖金,年终奖,带薪年假,工龄奖,节假日加班费,股票期权,底薪加提成,零食下午茶,节日福利,员工旅游,免费工装,全勤奖"
艺术品销售月薪轻松过万,合肥禾山,0-20人,6-11K,合肥,蜀山区,经验不限,高中,文化艺术/娱乐,"无经验要求,个人（To C）,其他产品/服务","带薪年假,五险,团建聚餐,员工旅游,节日福利"
艺术留学作品集导师,美世教育,500-999人,12-24K,北京,朝阳区,经验不限,硕士,在线教育,"插画,纯艺,艺术留学作品集","年终奖,通讯补贴,带薪年假,节日福利,零食下午茶,五险一金"
线下美陈3D设计（装置艺术),Brand Head,100-499人,15-30K·13薪,北京,朝阳区,3-5年,本科,广告营销,"空间设计,IP美陈展,装置艺术","带薪年假,零食下午茶,海外团建,节日福利,年终奖,定期体检,员工旅游"
T11艺术教育学院·招生老师,河南柠檬教育,100-499人,4-5K,新乡,卫滨区,经验不限,学历不限,培训/辅导机构,课程顾问,"五险一金,全勤奖,股票期权,带薪年假,员工旅游,交通补助"
游戏原画艺术家（场景&UI）独立游戏,波浪科技,20-99人,10-15K,北京,海淀区,3-5年,学历不限,游戏,"游戏设计,独立游戏,原画,场景原画,PhotoShop,全职","定期体检,年终奖,五险一金,带薪年假,餐补"
雕塑/艺术装置概念深化设计师,八零雕塑,20-99人,5-10K·24薪,重庆,九龙坡区,3-5年,大专,文化艺术/娱乐,雕塑/艺术深化设计,"底薪加提成,工龄奖,通讯补贴,五险"
少儿人文艺术游学带课老师,鹿知山文创,0-20人,120-500元/天,杭州,西湖区,经验不限,本科,旅游/景区,"兼职,培训机构,不坐班,小班教学（3-25人）,学前儿童/小学生,艺术人文,摄影师,研学游学","住房补贴,加班补助,带薪年假,年终奖,全勤奖,员工旅游,定期体检"
深圳 艺术展览 西语翻译,艺成文设,0-20人,100-200元/天,深圳,福田区,,本科,文化艺术/娱乐,"活动策划,授课教学,译文校对,全职,兼职,坐班,期刊论文","团建聚餐,补充医疗保险,餐补,工龄奖,意外险,加班补助,年终奖,法定节假日三薪,定期体检,底薪加提成,带薪年假,夜班补助,企业年金,节假日加班费,保底工资,员工旅游,零食下午茶,绩效奖金,五险一金,全勤奖"
艺术考研图书编辑（艺术学基础）,六艺传媒,0-20人,5-10K,济南,市中区,经验不限,硕士,新闻/出版,教育专业背景,五险一金
艺术写真网销+不打电话+无责3000,美人赋,100-499人,8-12K,成都,金牛区,1年以内,高中,婚庆/摄影,"个人（To C）,售前服务,客户签约,销售经验,沟通能力强,网络销售","补充医疗保险,零食下午茶,员工旅游,全勤奖,带薪年假,节日福利"
莫兰迪艺术漆招聘店长，销售经理,莫兰迪,0-20人,5-10K,宣城,宣州区,1-3年,高中,其他生活服务,"个人（To C）,房地产销售经验,电话销售经验,面销/陌拜经验,O2O,房地产,批发/零售,招商/商户拓展类服务,电话销售,网络销售,面销/陌拜,敢于挑战高薪，挣钱快乐",
急聘带货主播（艺术品）,东萃文化传播,1000-9999人,3-8K,四平,铁东区,1年以内,中专/中技,电子商务,"弹性工作制,抖音","年终奖,节日福利,有无线网,带薪年假,通讯补贴,底薪加提成,全勤奖,员工旅游,绩效奖金,团建聚餐"
长春实习艺术生，街头表演生兼职,吉林实时热网络技术,0-20人,100-200元/天,长春,朝阳区,,学历不限,游戏,"全职兼职均可,中国舞,音乐,美术","有无线网,团建聚餐,零食下午茶,底薪加提成,绩效奖金"
美术教师/杨梅红艺术教育,尚美绘,20-99人,4-8K,桂林,七星区,经验不限,本科,培训/辅导机构,"教师,小学教育,美术,线下授课,全职","餐补,团建聚餐,零食下午茶,工龄奖,生日福利,全勤奖,绩效奖金,带薪年假,节日福利,员工旅游,五险一金,定期体检"
艺术类老师（播音主持、大语文）,舜远文化,20-99人,3-4K,聊城,东阿县,经验不限,大专,培训/辅导机构,"教师,书法,教育培训,素质教育,集体授课,教研,助教",
艺术教师和课程推广合伙人,河南深美教育有限公司,20-99人,5-6K,濮阳,华龙区,1-3年,学历不限,在线教育,"全职,兼职,培训机构,线下教育,线上教育,社群运营,视频、音频剪辑,视频拍摄与录制,不坐班,小班教学（3-25人）,中学生,学前儿童/小学生,成人,特长兴趣类,口才/播音主持类,舞蹈类,美术类,艺术类专业背景,大型教育机构经验,社群运营经验,销售经验","带薪年假,员工旅游,全勤奖,年终奖,五险一金,加班补助,节日福利"
公共艺术/艺术装置/景观/建筑方向实习生,浙江紫桐叶数艺文...,0-20人,100-150元/天,丽水,,,本科,文化艺术/娱乐,"公共建筑/空间,文化旅游景区,雕塑设计,照明设计,建筑与景观设计,方案设计,配合施工,施工图出图,负责驻场,3ds Max,AI,AutoCAD,有主创设计师经验,环艺设计专业","生日福利,带薪年假,员工旅游,年终奖,节假日加班费,节日福利,五险一金,绩效奖金"
海南非遗艺术馆运营主管,涵逸生活,0-20人,5-8K,海口,龙华区,3-5年,大专,电子商务,"销售运营,门店运营,线下运营,线下活动运营,商家运营,产品运营,活动运营,公众号运营","股票期权,五险一金,年终奖,带薪年假"
文案/艺术/创意策划（景观、水景、水秀）,一恺科技,20-99人,8-13K,杭州,拱墅区,1-3年,本科,其他行业,"景观园林设计师,方案设计,创意策划","免费工装,宿舍有空调,通讯补贴,带薪年假,零食下午茶,节日福利,餐补,保底工资,交通补助,底薪加提成,五险一金"
珠宝艺术产品设计师,小行星陨石珠宝,0-20人,7-12K,合肥,蜀山区,经验不限,本科,电子商务,"手镯/手链,戒指,项链/吊坠,矿物宝玉石材料,艺术品设计,工艺美术,首饰设计","全勤奖,年终奖,节日福利"
采购工程师（软装/家具/艺术品）,翟珈艺术设计事务所,20-99人,10-15K,上海,徐汇区,5-10年,大专,装修装饰,"国内采购,家居用品,建筑材料,成品/样品,原材料","带薪年假,定期体检,五险一金,年终奖,餐补"
纯艺术作品集老师,北京达群未来文化传播,100-499人,10-15K,北京,朝阳区,1-3年,硕士,培训/辅导机构,兼职,"五险一金,全勤奖,团建聚餐,底薪加提成,员工旅游,保底工资,绩效奖金,带薪年假"
嗨小蜗招聘店员/营业员,嗨小蜗,1000-9999人,7-12K,西安,碑林区,经验不限,大专,在线教育,"不需要长时间站立,接受无店员经验,不需要倒班,不需要晚班/夜班","五险一金,住房补贴,通讯补贴,交通补助,节日福利,年终奖,带薪年假,员工旅游,加班补助,零食下午茶"
电脑艺术设计教师丨平面广告设计,运城学苑电脑学校,0-20人,4-8K,运城,,经验不限,大专,培训/辅导机构,"设计师,美工,CorelDRAW,CAD,网页设计,PhotoShop",
少儿艺术班主任无责底薪5K,西安市碑林区睿欣...,100-499人,5-8K,西安,碑林区,1-3年,大专,培训/辅导机构,"培训机构,线下教育,小班教学（3-25人）,学前儿童/小学生,不授课,大型教育机构经验,销售经验,坐班","生日福利,团建聚餐,绩效奖金,节日福利,带薪年假,保底工资,有无线网,工龄奖,底薪加提成"
濮阳市各地区招聘艺术类辅导老师,智贤笃学,20-99人,3-6K,濮阳,华龙区,经验不限,大专,培训/辅导机构,"家教,小学教育,初中教育,音乐,艺术,舞蹈,美术,兼职",
留学咨询顾问（艺术或音乐方向）,美行思远,100-499人,11-20K,北京,朝阳区,经验不限,本科,在线教育,"全职工作,获客招生,美国,英国,法德意,有留学背景,海外留学背景,艺术留学,音乐留学,课程顾问,留学咨询","年终奖,五险一金,带薪年假,节日福利,零食下午茶"
平面视觉设计 艺术设计 商业品牌设计,空间印象,100-499人,4-8K·14薪,珠海,香洲区,经验不限,本科,建筑设计,"商业地产,平面设计,广告设计,视觉设计,设计师,美术设计师,美术指导","零食下午茶,五险一金,包吃,带薪年假,员工旅游,节日福利,定期体检"
摄影师（宝宝照、全家福照、艺术照）,韩孕社,500-999人,7-9K,成都,锦江区,1-3年,学历不限,婚庆/摄影,"摄影,儿童摄影,婚纱/写真摄影,证件照摄影,棚拍,实景拍摄,摄影工作室,婚庆公司/活动公司,擅长布光,沟通能力良好,适应各类拍摄条件","保底工资,意外险,生日福利,带薪年假,团建聚餐,零食下午茶,底薪加提成,节日福利,有无线网,包住,全勤奖,加班补助,年终奖,节假日加班费,绩效奖金,员工旅游,法定节假日三薪,五险一金,补充医疗保险,股票期权"
一个月上八天班的艺术老师,唐山市开平区星悠...,0-20人,2-4K,唐山,,1-3年,本科,培训/辅导机构,"全职,兼职,培训机构,线下教育,坐班,教师,小班教学（3-25人）,成人,学前儿童/小学生,中学生,儿童画,水彩/水粉画,素描,大型教育机构经验,艺术类专业背景,销售经验,教师资格证,小学,二级甲等",
钢琴、声乐教师及各文化艺术合伙人,肖帮琴行,0-20人,5-6K,朔州,怀仁市,1-3年,大专,批发/零售,"音乐,教师,培训机构",
教育/会计/艺术/计算机/工业化工•期刊编辑,瀚智海,100-499人,15-22K,成都,武侯区,1-3年,硕士,培训/辅导机构,"兼职,按件计费,学术期刊编辑,核心,SCI","保底工资,零食下午茶,意外险,带薪年假,全勤奖,团建聚餐,底薪加提成,绩效奖金,餐补,年终奖,补充医疗保险"
蕃茄田艺术课程顾问-徐汇绿地缤纷城店,藩小创,100-499人,10-15K,上海,徐汇区,3-5年,高中,培训/辅导机构,"培训机构,线下教育,营销相关专业,有大型教育机构经验,有销售经验,美术机构,全国连锁","年终奖,法定节假日三薪,五险一金,绩效奖金,保底工资,底薪加提成"
艺术综合体培训学校执行校长,伊梵诺艺术,0-20人,12-24K,北京,朝阳区,5-10年,大专,培训/辅导机构,"培训机构,学前儿童/小学生,成人/通用,校区运营经验,教育专业背景,营销/管理类背景,销售经验","带薪年假,绩效奖金,五险一金,生日福利,底薪加提成,免费工装,保底工资,有无线网"
建材销售专员（艺术漆）月薪过万,雅诗涂装饰,20-99人,10-15K,贵阳,观山湖区,1年以内,高中,建筑材料,"面销/陌拜经验,网络营销经验,电话销售经验,企业（To B）,其他行业,房地产,环保,招商/商户拓展,网络销售,电话销售,面销/陌拜,不接受居家办公","加班补助,绩效奖金,交通补助,带薪年假,通讯补贴,底薪加提成,节日福利,零食下午茶,全勤奖,员工旅游,团建聚餐,年终奖,五险一金,生日福利"
幼儿教师/艺术助教 /接受实习生,小玩皮之星,20-99人,70-140元/天,深圳,,,学历不限,培训/辅导机构,"全职,培训机构,线下教育,坐班,助教,教务,课程销售,小班教学（3～25人）,兴趣教育类,学科教育类,教学法类,素质能力类,舞蹈类,美术类,学习力/专注力,蒙式教学,奥尔夫音乐教育,教学法相关经验,幼儿教育工作经验,艺术类专业背景,销售经验,保育员资格证,幼师资格证,普通话水平测试等级证书,二级甲等,艺术 辅导",
大型艺术机构学习管理师,曼影艺辉,100-499人,4-7K,石家庄,桥西区,1年以内,学历不限,培训/辅导机构,"私立学校,培训机构,线下教育,小班教学（3-25人）,学前儿童/小学生,不授课,大型教育机构经验,熟练使用办公软件,普通话发音标准,销售经验,坐班",
佛山市顺德区勒流德艺艺术中心,佛山市顺德区勒流...,0-20人,6-7K,佛山,顺德区,1-3年,本科,培训/辅导机构,"销售经验,表演/播音主持相关专业背景,全职兼职均可,青少年,表演教学经验,普通话一级甲等资格证,不坐班,线下教育,编排成品剧目",
